{
    "heatmap_data": {
        "dx_max": 0.11249999701976776,
        "dx_min": 0.027499999850988388,
        "dy_max": 0.0625,
        "dy_min": 0.027499999850988388,
        "nx": 18,
        "ny": 8,
        "scores": [
            0.0,
            0.0,
            0.0,
            188.0,
            187.0,
            188.0,
            184.0,
            184.0,
            184.0,
            186.0,
            188.0,
            185.0,
            190.0,
            183.0,
            188.0,
            184.0,
            189.0,
            190.0,
            0.0,
            205.0,
            204.0,
            206.0,
            201.0,
            210.0,
            206.0,
            202.0,
            203.0,
            205.0,
            209.0,
            205.0,
            206.0,
            199.0,
            204.0,
            203.0,
            204.0,
            206.0,
            0.0,
            209.0,
            208.0,
            210.0,
            206.0,
            210.0,
            210.0,
            208.0,
            207.0,
            209.0,
            206.0,
            208.0,
            206.0,
            202.0,
            209.0,
            208.0,
            207.0,
            208.0,
            0.0,
            211.0,
            210.0,
            210.0,
            203.0,
            209.0,
            211.0,
            208.0,
            206.0,
            208.0,
            210.0,
            205.0,
            208.0,
            204.0,
            208.0,
            209.0,
            205.0,
            208.0,
            0.0,
            208.0,
            209.0,
            207.0,
            204.0,
            207.0,
            210.0,
            208.0,
            207.0,
            209.0,
            208.0,
            205.0,
            204.0,
            205.0,
            205.0,
            207.0,
            209.0,
            207.0,
            0.0,
            207.0,
            205.0,
            207.0,
            207.0,
            211.0,
            208.0,
            206.0,
            208.0,
            208.0,
            206.0,
            203.0,
            208.0,
            203.0,
            204.0,
            204.0,
            206.0,
            209.0,
            0.0,
            206.0,
            209.0,
            204.0,
            200.0,
            208.0,
            208.0,
            208.0,
            202.0,
            204.0,
            206.0,
            201.0,
            206.0,
            205.0,
            206.0,
            203.0,
            205.0,
            203.0,
            0.0,
            211.0,
            212.0,
            209.0,
            204.0,
            211.0,
            210.0,
            209.0,
            210.0,
            210.0,
            208.0,
            203.0,
            209.0,
            210.0,
            209.0,
            209.0,
            208.0,
            212.0
        ]
    },
    "setup_parameters": {
        "geometry": "Rectangular",
        "lx_m": 0.3,
        "ly_m": 0.2,
        "material_e_pa": 193000000000.0,
        "material_rho": 8000.0,
        "n_modes": 15,
        "thickness_m": 0.001,
        "transducer_count": 4,
        "transducer_radius_m": 0.025,
        "transducer_spacing_m": 0.005
    },
    "simulation_date": "2026-05-06 20:29:28",
    "top_layouts": [
        {
            "alphabet_size": 212,
            "layout_type": "Quad (dx=0.038, dy=0.062)",
            "rank": 1,
            "total_displacement": 45108.917605993076,
            "transducers": [
                {
                    "x": 0.03750000149011612,
                    "y": 0.0625
                },
                {
                    "x": -0.03750000149011612,
                    "y": 0.0625
                },
                {
                    "x": -0.03750000149011612,
                    "y": -0.0625
                },
                {
                    "x": 0.03750000149011612,
                    "y": -0.0625
                }
            ]
        },
        {
            "alphabet_size": 212,
            "layout_type": "Quad (dx=0.112, dy=0.062)",
            "rank": 2,
            "total_displacement": 39831.764713899414,
            "transducers": [
                {
                    "x": 0.11249999701976776,
                    "y": 0.0625
                },
                {
                    "x": -0.11249999701976776,
                    "y": 0.0625
                },
                {
                    "x": -0.11249999701976776,
                    "y": -0.0625
                },
                {
                    "x": 0.11249999701976776,
                    "y": -0.0625
                }
            ]
        },
        {
            "alphabet_size": 211,
            "layout_type": "Quad (dx=0.032, dy=0.043)",
            "rank": 3,
            "total_displacement": 48018.90211364278,
            "transducers": [
                {
                    "x": 0.032499998807907104,
                    "y": 0.042500000447034836
                },
                {
                    "x": -0.032499998807907104,
                    "y": 0.042500000447034836
                },
                {
                    "x": -0.032499998807907104,
                    "y": -0.042500000447034836
                },
                {
                    "x": 0.032499998807907104,
                    "y": -0.042500000447034836
                }
            ]
        },
        {
            "alphabet_size": 211,
            "layout_type": "Quad (dx=0.057, dy=0.043)",
            "rank": 4,
            "total_displacement": 47261.28470450853,
            "transducers": [
                {
                    "x": 0.057499997317790985,
                    "y": 0.042500000447034836
                },
                {
                    "x": -0.057499997317790985,
                    "y": 0.042500000447034836
                },
                {
                    "x": -0.057499997317790985,
                    "y": -0.042500000447034836
                },
                {
                    "x": 0.057499997317790985,
                    "y": -0.042500000447034836
                }
            ]
        },
        {
            "alphabet_size": 211,
            "layout_type": "Quad (dx=0.032, dy=0.062)",
            "rank": 5,
            "total_displacement": 44814.53142304816,
            "transducers": [
                {
                    "x": 0.032499998807907104,
                    "y": 0.0625
                },
                {
                    "x": -0.032499998807907104,
                    "y": 0.0625
                },
                {
                    "x": -0.032499998807907104,
                    "y": -0.0625
                },
                {
                    "x": 0.032499998807907104,
                    "y": -0.0625
                }
            ]
        },
        {
            "alphabet_size": 211,
            "layout_type": "Quad (dx=0.052, dy=0.052)",
            "rank": 6,
            "total_displacement": 44749.328136776356,
            "transducers": [
                {
                    "x": 0.05249999836087227,
                    "y": 0.05249999836087227
                },
                {
                    "x": -0.05249999836087227,
                    "y": 0.05249999836087227
                },
                {
                    "x": -0.05249999836087227,
                    "y": -0.05249999836087227
                },
                {
                    "x": 0.05249999836087227,
                    "y": -0.05249999836087227
                }
            ]
        },
        {
            "alphabet_size": 211,
            "layout_type": "Quad (dx=0.052, dy=0.062)",
            "rank": 7,
            "total_displacement": 44336.3547541352,
            "transducers": [
                {
                    "x": 0.05249999836087227,